afganistan, asia
albania, europa
alemania, europa
andorra, europa
angola, africa
antigua y barbuda, américa
arabia saudita, asia
argelia, africa
argentina, américa
armenia, asia
australia, oceanía
austria, europa
azerbaiyan, asia
bahamas, américa
bangladesh, asia
barbados, américa
barein, asia
belgica, europa
belice, américa
benin, africa
bielorrusia, europa
birmania, asia
bolivia, américa
bosnia y herzegovina, europa
botsuana, africa
brasil, américa
brunei, asia
bulgaria, europa
burkina faso, africa
burundi, africa
cabo verde, africa
camboya, asia
camerun, africa
canada, américa
catar, asia
chad, africa
chile, américa
china, asia
chipre, europa
colombia, américa
comoras, africa
congo, africa
corea del norte, asia
corea del sur, asia
costa de marfil, africa
costa rica, américa
croacia, europa
cuba, américa
dinamarca, europa
dominica, américa
ecuador, américa
egipto, africa
el salvador, américa
emiratos arabes unidos, asia
eritrea, africa
eslovaquia, europa
eslovenia, europa
españa, europa
estados unidos, américa
estonia, Europa
fiyi, oceanía
filipinas, asia
finlandia, europa
francia, europa
gabon, africa
gambia, africa
georgia, asia
ghana, africa
granada, américa
grecia, europa
guatemala, américa
guinea, africa
guinea bisau, africa
guinea ecuatorial, africa
guyana, américa
haiti, américa
honduras, américa
hungria, europa
india, asia
indonesia, asia
irak, asia
iran, asia
irlanda, europa
islandia, europa
islas marshall, oceanía
islas salomon, oceanía
israel, asia
italia, europa
jamaica, américa
japon, asia
jordania, asia
kazajistan, asia
kenia, africa
kirguistan, asia
kiribati, oceanía
kuwait, asia
laos, asia
lesoto, africa
letonia, europa
libano, asia
liberia, africa
libia, africa
liechtenstein, europa
lituania, Europa
luxemburgo, Europa
madagascar, africa
malasia, asia
malaui, africa
maldivas, asia
mali, africa
malta, europa
marruecos, africa
mauricio, africa
mauritania, africa
mexico, américa
micronesia, oceanía
moldavia, europa
monaco, europa
mongolia, asia
montenegro, europa
mozambique, africa
namibia, africa
nauru, oceanía
nepal, asia
nicaragua, américa
niger, africa
nigeria, africa
noruega, europa
nueva zelanda, oceanía
oman, asia
paises bajos, europa
pakistan, asia
palaos, oceanía
palestina, asia
panama, américa
papua nueva guinea, oceanía
paraguay, américa
peru, américa
polonia, europa
portugal, europa
reino unido, europa
republica centroafricana, africa
republica checa, europa
republica democratica del congo, africa
republica dominicana, américa
ruanda, africa
rumania, europa
rusia, europa
samoa, oceanía
san cristobal y nieves, américa
san marino, europa
san vicente y las granadinas, américa
santa lucia, américa
santo tome y principe, africa
santa sede, europa
senegal, africa
serbia, europa
seychelles, africa
sierra leona, africa
singapur, asia
siria, asia
somalia, africa
sri lanka, asia
sudafrica, africa
sudan, africa
sudan del sur, africa
suecia, europa
suiza, europa
surinam, américa
tailandia, asia
tanzania, africa
tayikistan, asia
timor oriental, asia
togo, africa
tonga, oceanía
trinidad y tobago, américa
tunez, africa
turkmenistan, asia
turquia, asia
tuvalu, oceanía
ucrania, europa
uganda, africa
uruguay, américa
uzbekistan, asia
vanuatu, oceanía
vaticano, europa
venezuela, américa
vietnam, asia
yemen, asia
zambia, africa
zimbabue, africa
